index,f1_Network_Node_Connection,f2_Travel_Time,f3_Concurrence_Served
78,906,29026,51749
34,1714,46330,69013
48,1143,32969,58689
30,687,26570,43308
198,1376,37449,62361
18,1505,44381,73849
47,1036,30877,55138
296,1441,39038,66018
257,1496,41904,70396
242,866,28194,47836
